State,ERA,TOT_REVENUE,TOT_EXPENDITURE,GRADES_ALL_G,FIPS,Percentage
CALIFORNIA,1992,26260025.0,27138832.0,5254844.0,6.0,0.03792225632856209
COLORADO,1992,3185173.0,3264826.0,612635.0,8.0,0.3262135159168286
CONNECTICUT,1992,3834302.0,3721338.0,488476.0,9.0,0.409468759506993
DELAWARE,1992,645233.0,638784.0,104321.0,10.0,1.9466622365116437
FLORIDA,1992,11506299.0,11305642.0,1981407.0,12.0,0.10063579390880639
GEORGIA,1992,5536901.0,5535942.0,1207186.0,13.0,0.16528459318582736
HAWAII,1992,996809.0,1040121.0,177448.0,15.0,1.135327375524348
KANSAS,1992,2245348.0,2234915.0,451536.0,20.0,0.4431156905664407
KENTUCKY,1992,2642902.0,2518082.0,655041.0,21.0,0.305030709793599
LOUISIANA,1992,3341253.0,3362853.0,797985.0,22.0,0.2502534570027626
MAINE,1992,1206819.0,1228869.0,216453.0,23.0,0.9288402087092757
MARYLAND,1992,4658498.0,4698374.0,751850.0,24.0,0.26565029645612903
MASSACHUSETTS,1992,5517659.0,5245560.0,859948.0,25.0,0.23217973882110504
MICHIGAN,1992,9963137.0,10170688.0,1603610.0,26.0,0.12437422656338777
MINNESOTA,1992,4684684.0,4981125.0,793724.0,27.0,0.2516002889866773
MISSISSIPPI,1992,1684706.0,1691990.0,506668.0,28.0,0.39470868438364415
MISSOURI,1992,4043682.0,4197600.0,859357.0,29.0,0.2323397852723169
MONTANA,1992,828983.0,781009.0,160011.0,30.0,1.2606079015814553
NEBRASKA,1992,1542413.0,1534046.0,282414.0,31.0,0.7103579605023858
NEVADA,1992,1097076.0,1251651.0,222974.0,32.0,0.9014308857735018
PENNSYLVANIA,1992,11257252.0,11539253.0,1717613.0,42.0,0.11610956032830094
TENNESSEE,1992,3080490.0,3132516.0,855231.0,47.0,0.2334633086391972
TEXAS,1992,16264180.0,16119084.0,3541769.0,48.0,0.056274731430821776
VERMONT,1992,812377.0,800377.0,98558.0,50.0,2.0628378518319077
VIRGINIA,1992,5631293.0,5744469.0,1031925.0,51.0,0.19341063933284983
WASHINGTON,1992,4870832.0,5360834.0,896475.0,53.0,0.22269847498499135
WISCONSIN,1992,4993909.0,5181471.0,829415.0,55.0,0.24074747740877397
WYOMING,1992,629748.0,624941.0,100313.0,56.0,2.0260168224489172
CALIFORNIA,1993,28043338.0,28110986.0,5327231.0,6.0,0.037425557317813773
COLORADO,1993,3058326.0,3028305.0,625062.0,8.0,0.3198682649915178
CONNECTICUT,1993,4064158.0,4079943.0,496298.0,9.0,0.4031923609916954
DELAWARE,1993,683954.0,694534.0,105547.0,10.0,1.9245997257469534
FLORIDA,1993,11370156.0,11425183.0,2040763.0,12.0,0.0977550189575087
GEORGIA,1993,4716559.0,4647974.0,1235304.0,13.0,0.1615975208199716
HAWAII,1993,1062475.0,1063090.0,180410.0,15.0,1.117046021399306
KANSAS,1993,2386945.0,2522542.0,457614.0,20.0,0.4374249650477041
KENTUCKY,1993,2381148.0,2283431.0,655265.0,21.0,0.3050796605395608
LOUISIANA,1993,3438321.0,3427102.0,800560.0,22.0,0.24957204592726723
MAINE,1993,1368095.0,1321846.0,216995.0,23.0,0.9269681212267794
MARYLAND,1993,4918010.0,4898895.0,772638.0,24.0,0.2586145371734067
MASSACHUSETTS,1993,6121612.0,5679261.0,877726.0,25.0,0.22758078090011455
MICHIGAN,1993,11034174.0,11430958.0,1599377.0,26.0,0.12476649321640883
MINNESOTA,1993,4862635.0,5290504.0,810233.0,27.0,0.24658517272097397
MISSISSIPPI,1993,1170109.0,1167032.0,505907.0,28.0,0.3955039947292594
MISSOURI,1993,4196601.0,4234845.0,866378.0,29.0,0.23056855452142275
MONTANA,1993,813998.0,833435.0,163009.0,30.0,1.2377651910369156
NEBRASKA,1993,1625242.0,1642376.0,285097.0,31.0,0.7039815756753702
NEVADA,1993,1148268.0,1265367.0,235800.0,32.0,0.8524124598493629
PENNSYLVANIA,1993,12269422.0,12809067.0,1744082.0,42.0,0.11440288067946013
TENNESSEE,1993,3268642.0,3286481.0,866557.0,47.0,0.23052081742936326
TEXAS,1993,20267205.0,18574871.0,3608262.0,48.0,0.055264873474496774
VERMONT,1993,837540.0,809853.0,102755.0,50.0,1.9779281872134336
VIRGINIA,1993,5918536.0,5955333.0,1045471.0,51.0,0.19099588108230361
WASHINGTON,1993,5270961.0,5791436.0,915952.0,53.0,0.21806229819937217
WISCONSIN,1993,5357945.0,5640718.0,844001.0,55.0,0.23669608839820996
WYOMING,1993,615130.0,614807.0,100899.0,56.0,2.0150445877904275
CALIFORNIA,1994,23440845.0,23012688.0,5407475.0,6.0,0.036888484114549654
COLORADO,1994,3061865.0,3113755.0,640521.0,8.0,0.312281234779422
CONNECTICUT,1994,4268860.0,4132350.0,506824.0,9.0,0.3949844502109621
DELAWARE,1994,705798.0,732323.0,106813.0,10.0,1.9023268682204564
FLORIDA,1994,12315950.0,12469073.0,2111188.0,12.0,0.09453848247245156
GEORGIA,1994,6824191.0,6597359.0,1270948.0,13.0,0.1571372957569778
HAWAII,1994,1133949.0,1146267.0,183795.0,15.0,1.0968036479447307
KANSAS,1994,2700587.0,2643192.0,460838.0,20.0,0.4345703550662099
KENTUCKY,1994,2491948.0,2392549.0,657642.0,21.0,0.30412660451949824
LOUISIANA,1994,3571864.0,3539581.0,797933.0,22.0,0.25052171083462427
MAINE,1994,1357116.0,1338353.0,212601.0,23.0,0.9467871438271283
MARYLAND,1994,5141505.0,5187683.0,790938.0,24.0,0.252742906974386
MASSACHUSETTS,1994,6410757.0,6391131.0,893727.0,25.0,0.22360953334686504
MICHIGAN,1994,11762546.0,12023935.0,1614784.0,26.0,0.1236366792948865
MINNESOTA,1994,5262482.0,5581140.0,821693.0,27.0,0.24326002593634982
MISSISSIPPI,1994,1911579.0,1919812.0,505962.0,28.0,0.3956600419074227
MISSOURI,1994,4488359.0,4575564.0,878541.0,29.0,0.22748352341631423
MONTANA,1994,878986.0,878084.0,164341.0,30.0,1.2282333520175919
NEBRASKA,1994,1710913.0,1769248.0,287100.0,31.0,0.6993889991792526
NEVADA,1994,1266549.0,1344245.0,250747.0,32.0,0.8015983726829425
PENNSYLVANIA,1994,13271564.0,13701725.0,1764946.0,42.0,0.11310574536345856
TENNESSEE,1994,3535898.0,3661470.0,881425.0,47.0,0.22673751550718588
TEXAS,1994,19713604.0,19224149.0,3677171.0,48.0,0.05425589026052351
VERMONT,1994,892124.0,869710.0,104533.0,50.0,1.9446259472005771
VIRGINIA,1994,6125739.0,6276362.0,1060809.0,51.0,0.1883237392745664
WASHINGTON,1994,5739012.0,5968590.0,938314.0,53.0,0.21296138072453863
WISCONSIN,1994,5682439.0,5860230.0,860581.0,55.0,0.23224204419587066
WYOMING,1994,674921.0,623146.0,100314.0,56.0,2.0280716029292107
CALIFORNIA,1995,29512214.0,30097549.0,5536406.0,6.0,0.03604719635025299
COLORADO,1995,3709875.0,3766191.0,656279.0,8.0,0.3049134626553607
CONNECTICUT,1995,4420632.0,4252186.0,517935.0,9.0,0.38667286893824865
DELAWARE,1995,802018.0,772669.0,108461.0,10.0,1.8738376570924051
FLORIDA,1995,13242710.0,13473977.0,2176222.0,12.0,0.09175674849038302
GEORGIA,1995,7052825.0,7292267.0,1311126.0,13.0,0.15239116635386374
HAWAII,1995,1173579.0,1157159.0,187180.0,15.0,1.0773010773010774
KANSAS,1995,2826943.0,2756682.0,463008.0,20.0,0.4327426775383774
KENTUCKY,1995,3508673.0,3415870.0,659821.0,21.0,0.30327168582573505
LOUISIANA,1995,3791795.0,3735603.0,797366.0,22.0,0.2508263439325799
MAINE,1995,1446745.0,1438795.0,213569.0,23.0,0.9429324964315086
MARYLAND,1995,5580123.0,5610071.0,805544.0,24.0,0.24827359625859777
MASSACHUSETTS,1995,7326904.0,6706082.0,915007.0,25.0,0.21850753330733877
MICHIGAN,1995,12500208.0,12477806.0,1641456.0,26.0,0.12168633471610488
MINNESOTA,1995,5744447.0,6155324.0,835166.0,27.0,0.23944664420629136
MISSISSIPPI,1995,2118973.0,2160068.0,506272.0,28.0,0.39561590157790266
MISSOURI,1995,4852467.0,4957215.0,889881.0,29.0,0.22469100762935781
MONTANA,1995,911284.0,899635.0,165547.0,30.0,1.2197955390334572
NEBRASKA,1995,1832463.0,1874253.0,289744.0,31.0,0.6933125745006933
NEVADA,1995,1367710.0,1381200.0,265041.0,32.0,0.7584224812390229
PENNSYLVANIA,1995,13957035.0,14135826.0,1787533.0,42.0,0.11173103008729021
TENNESSEE,1995,3870164.0,3958973.0,893770.0,47.0,0.22371113789913374
TEXAS,1995,20483376.0,20198924.0,3748167.0,48.0,0.053254362052783485
VERMONT,1995,934916.0,891398.0,105565.0,50.0,1.9262334652891764
VIRGINIA,1995,6354418.0,6590998.0,1079854.0,51.0,0.1850891443129389
WASHINGTON,1995,5985425.0,6200754.0,956572.0,53.0,0.20899309327586982
WISCONSIN,1995,6006745.0,6056854.0,870175.0,55.0,0.2297910571540464
WYOMING,1995,634237.0,642935.0,99859.0,56.0,2.0385432845581626
CALIFORNIA,1996,31282981.0,31561692.0,5686198.0,6.0,0.03511486748711604
COLORADO,1996,3891203.0,4075165.0,673438.0,8.0,0.2972706503316742
CONNECTICUT,1996,4686025.0,4538234.0,527129.0,9.0,0.38009418566344144
DELAWARE,1996,860410.0,823530.0,110549.0,10.0,1.8387331533905098
FLORIDA,1996,13684457.0,13936240.0,2242212.0,12.0,0.08909855121113322
GEORGIA,1996,7764687.0,7934236.0,1346761.0,13.0,0.14842742040430856
HAWAII,1996,1199019.0,1231550.0,187653.0,15.0,1.0751008580339012
KANSAS,1996,2914544.0,3007653.0,466293.0,20.0,0.4298972424977977
KENTUCKY,1996,3622788.0,3826435.0,656089.0,21.0,0.3051553831030144
LOUISIANA,1996,3879633.0,3815375.0,793296.0,22.0,0.25224314419309996
MAINE,1996,1485138.0,1465093.0,213593.0,23.0,0.9433025988081116
MARYLAND,1996,5688918.0,5825606.0,818583.0,24.0,0.244432007857093
MASSACHUSETTS,1996,7129757.0,7479576.0,933898.0,25.0,0.21418561179179785
MICHIGAN,1996,13012080.0,13071893.0,1685714.0,26.0,0.11854716763733594
MINNESOTA,1996,6101416.0,6423285.0,847204.0,27.0,0.23615488731767803
MISSISSIPPI,1996,2241561.0,2268726.0,503967.0,28.0,0.39763253255666164
MISSOURI,1996,5251014.0,5277785.0,900517.0,29.0,0.2221428324991848
MONTANA,1996,944623.0,924259.0,164627.0,30.0,1.2273182849518234
NEBRASKA,1996,1909834.0,1940808.0,291967.0,31.0,0.6883446965386193
NEVADA,1996,1551169.0,1608989.0,282131.0,32.0,0.7125136095097007
PENNSYLVANIA,1996,14671368.0,15048791.0,1804256.0,42.0,0.11074983631662468
TENNESSEE,1996,4123018.0,4284181.0,904818.0,47.0,0.22108455487349665
TEXAS,1996,22241369.0,22401797.0,3828975.0,48.0,0.052156021760244836
VERMONT,1996,965238.0,975817.0,106341.0,50.0,1.9128851406392255
VIRGINIA,1996,6674519.0,6903384.0,1096093.0,51.0,0.18243355022452304
WASHINGTON,1996,6354593.0,6578388.0,974504.0,53.0,0.20524252756789663
WISCONSIN,1996,6342623.0,6521058.0,879259.0,55.0,0.22752583888754
WYOMING,1996,664057.0,676305.0,99058.0,56.0,2.0564175475469284
CALIFORNIA,1997,35614934.0,33862281.0,5803887.0,6.0,0.034419818369531306
COLORADO,1997,4133275.0,4398196.0,687167.0,8.0,0.291460513449217
CONNECTICUT,1997,4788489.0,4642835.0,535164.0,9.0,0.3745543141267183
DELAWARE,1997,898926.0,889631.0,111960.0,10.0,1.8160654038176478
FLORIDA,1997,14363709.0,14564750.0,2294077.0,12.0,0.08712610380091446
GEORGIA,1997,8248199.0,8483477.0,1375980.0,13.0,0.1453438652443298
HAWAII,1997,1213792.0,1241375.0,189887.0,15.0,1.0628559263398796
KANSAS,1997,3029537.0,2949608.0,468687.0,20.0,0.4279071760697679
KENTUCKY,1997,3842885.0,3903139.0,669322.0,21.0,0.29925448619488254
LOUISIANA,1997,4106095.0,4027228.0,776813.0,22.0,0.2577386114896956
MAINE,1997,1537085.0,1527663.0,212579.0,23.0,0.9483241682574959
MARYLAND,1997,6040883.0,6217120.0,830744.0,24.0,0.24096618147637336
MASSACHUSETTS,1997,7585624.0,7479407.0,949006.0,25.0,0.21087444786691573
MICHIGAN,1997,13759710.0,14235902.0,1702717.0,26.0,0.11742085704877935
MINNESOTA,1997,6304977.0,6890773.0,853621.0,27.0,0.23449315660432302
MISSISSIPPI,1997,2274700.0,2319324.0,504792.0,28.0,0.39717976511301817
MISSOURI,1997,5550134.0,5527705.0,910613.0,29.0,0.219784815587663
MONTANA,1997,989991.0,972059.0,162335.0,30.0,1.245493894148611
NEBRASKA,1997,1994021.0,1946725.0,292681.0,31.0,0.6870003164948879
NEVADA,1997,1701290.0,1905940.0,296621.0,32.0,0.6778130770066254
PENNSYLVANIA,1997,15184431.0,15777276.0,1815151.0,42.0,0.11013956895001749
TENNESSEE,1997,4390879.0,4695409.0,893044.0,47.0,0.22411836861579693
TEXAS,1997,23091567.0,23671010.0,3891877.0,48.0,0.05133834462759776
VERMONT,1997,1022546.0,1069297.0,105984.0,50.0,1.920432361737525
VIRGINIA,1997,7345090.0,7436340.0,1110815.0,51.0,0.18010169387582092
WASHINGTON,1997,6667626.0,6792261.0,991235.0,53.0,0.20187255240902593
WISCONSIN,1997,6724752.0,6990489.0,881780.0,55.0,0.22698779130762925
WYOMING,1997,660079.0,695127.0,97115.0,56.0,2.0994974663050106
CALIFORNIA,1998,39183018.0,38087666.0,5926037.0,6.0,0.03372698930577601
COLORADO,1998,4359021.0,4739136.0,699135.0,8.0,0.28660076857203104
CONNECTICUT,1998,5024673.0,4810851.0,544698.0,9.0,0.3681592039800995
DELAWARE,1998,934530.0,915207.0,113262.0,10.0,1.7957290767903367
FLORIDA,1998,15595671.0,15155383.0,2337633.0,12.0,0.08554418819721403
GEORGIA,1998,9207163.0,8990897.0,1401291.0,13.0,0.14278639284267125
HAWAII,1998,1279125.0,1266378.0,188069.0,15.0,1.073783663225328
KANSAS,1998,3207670.0,3087318.0,472353.0,20.0,0.4247855343304525
KENTUCKY,1998,3938009.0,4018512.0,655687.0,21.0,0.3056499344489505
LOUISIANA,1998,4443468.0,4379797.0,768734.0,22.0,0.2605851296926191
MAINE,1998,1611926.0,1601411.0,211051.0,23.0,0.9557384969361836
MARYLAND,1998,6521269.0,6519389.0,841671.0,24.0,0.23794977330460787
MASSACHUSETTS,1998,7726497.0,8098720.0,962317.0,25.0,0.20805586476993582
MICHIGAN,1998,14712250.0,14905765.0,1720287.0,26.0,0.11627846072459289
MINNESOTA,1998,6672384.0,6815289.0,856455.0,27.0,0.23383271481186296
MISSISSIPPI,1998,2400660.0,2543454.0,502379.0,28.0,0.3992957366486737
MISSOURI,1998,5990499.0,5849648.0,913494.0,29.0,0.21920008425708945
MONTANA,1998,1035636.0,1007146.0,159988.0,30.0,1.2646370023419204
NEBRASKA,1998,2062836.0,1966403.0,291140.0,31.0,0.6910099535868189
NEVADA,1998,1906860.0,2030065.0,311061.0,32.0,0.646470137156502
PENNSYLVANIA,1998,15671363.0,16432921.0,1816414.0,42.0,0.11011807656017142
TENNESSEE,1998,4757639.0,4988208.0,905454.0,47.0,0.22115078100095634
TEXAS,1998,24485263.0,25723965.0,3945367.0,48.0,0.05066733546873244
VERMONT,1998,1089658.0,1064388.0,105120.0,50.0,1.9375109094082736
VIRGINIA,1998,7723744.0,7813707.0,1124022.0,51.0,0.1780710573035871
WASHINGTON,1998,6928738.0,7211601.0,998053.0,53.0,0.20059133280792726
WISCONSIN,1998,7083655.0,7532110.0,879542.0,55.0,0.22768089121457158
WYOMING,1998,703280.0,706801.0,95241.0,56.0,2.142788198577909
CALIFORNIA,1999,41393435.0,40834643.0,6038590.0,6.0,0.03311471656767868
COLORADO,1999,4740254.0,5040224.0,708109.0,8.0,0.2831003667983742
CONNECTICUT,1999,5460213.0,5269517.0,553993.0,9.0,0.36214161748134943
DELAWARE,1999,1004472.0,960335.0,112836.0,10.0,1.8035493562618983
FLORIDA,1999,17093036.0,16156822.0,2381396.0,12.0,0.0840128822554622
GEORGIA,1999,10380164.0,10106670.0,1422762.0,13.0,0.1406990469205631
HAWAII,1999,1328572.0,1357649.0,185860.0,15.0,1.087234378144359
KANSAS,1999,3390596.0,3189867.0,472188.0,20.0,0.425148185091527
KENTUCKY,1999,4188131.0,4305678.0,648180.0,21.0,0.3093560472994409
LOUISIANA,1999,4641847.0,4702496.0,756579.0,22.0,0.26491558217816535
MAINE,1999,1708133.0,1699835.0,209253.0,23.0,0.9645169695156667
MARYLAND,1999,6850334.0,6892276.0,846582.0,24.0,0.23668484920960994
MASSACHUSETTS,1999,8388120.0,8673439.0,971425.0,25.0,0.20620449626892615
MICHIGAN,1999,15248112.0,15837858.0,1725639.0,26.0,0.11597549372258707
MINNESOTA,1999,6949149.0,7450965.0,854034.0,27.0,0.2346147752146332
MISSISSIPPI,1999,2532681.0,2811852.0,500716.0,28.0,0.4008285259977101
MISSOURI,1999,6238901.0,6228001.0,914110.0,29.0,0.21916192217833136
MONTANA,1999,1049369.0,1026263.0,157556.0,30.0,1.2850594958761097
NEBRASKA,1999,2212104.0,2062226.0,288261.0,31.0,0.6983113371666515
NEVADA,1999,2089048.0,2298474.0,325610.0,32.0,0.6177169502890817
PENNSYLVANIA,1999,16361921.0,17113809.0,1816716.0,42.0,0.11015491671704183
TENNESSEE,1999,5059587.0,5446555.0,916202.0,47.0,0.21866040693368977
TEXAS,1999,26096023.0,27883593.0,3991783.0,48.0,0.050102962967418785
VERMONT,1999,1147600.0,1129982.0,104559.0,50.0,1.9491029641185647
VIRGINIA,1999,8331336.0,8335873.0,1133994.0,51.0,0.17659088600214665
WASHINGTON,1999,7288143.0,7489129.0,1003714.0,53.0,0.1995577584442681
WISCONSIN,1999,7415243.0,7875805.0,877753.0,55.0,0.22826044756860944
WYOMING,1999,780875.0,739019.0,92105.0,56.0,2.2184982132155464
CALIFORNIA,2000,46628207.0,45829753.0,6140814.0,6.0,0.03257958296179034
COLORADO,2000,5073266.0,5444193.0,724508.0,8.0,0.27681354393307755
CONNECTICUT,2000,5884078.0,5605280.0,562179.0,9.0,0.3570287354577733
DELAWARE,2000,1098555.0,1040480.0,114676.0,10.0,1.7750008875004437
FLORIDA,2000,17558787.0,17180954.0,2434821.0,12.0,0.08220908977684754
GEORGIA,2000,11197766.0,10884510.0,1444937.0,13.0,0.13860619001383984
HAWAII,2000,1404895.0,1363511.0,184360.0,15.0,1.0967317394165388
KANSAS,2000,3518271.0,3327090.0,470610.0,20.0,0.4267941358485734
KENTUCKY,2000,4330089.0,4510972.0,665850.0,21.0,0.30127287790916624
LOUISIANA,2000,4785331.0,4807097.0,743089.0,22.0,0.2698731191530302
MAINE,2000,1792390.0,1842276.0,207037.0,23.0,0.9754337022098449
MARYLAND,2000,7419047.0,7355698.0,852920.0,24.0,0.2350397217129695
MASSACHUSETTS,2000,9464271.0,9466363.0,975150.0,25.0,0.20551816266762574
MICHIGAN,2000,15939477.0,16580526.0,1720626.0,26.0,0.11637203207678691
MINNESOTA,2000,7344747.0,7736391.0,854340.0,27.0,0.23464814510641294
MISSISSIPPI,2000,2743284.0,2996474.0,497871.0,28.0,0.40333070496157264
MISSOURI,2000,6675260.0,6708608.0,912744.0,29.0,0.21960067812689404
MONTANA,2000,1104935.0,1051768.0,154875.0,30.0,1.3082583810302535
NEBRASKA,2000,2263952.0,2165529.0,286199.0,31.0,0.7037322439558197
NEVADA,2000,2252416.0,2437438.0,340706.0,32.0,0.5904826014301489
PENNSYLVANIA,2000,17090654.0,17861852.0,1814311.0,42.0,0.11035633508818297
TENNESSEE,2000,5338531.0,5805181.0,909161.0,47.0,0.2204680315842502
TEXAS,2000,28918934.0,31067935.0,4059619.0,48.0,0.049289990016312527
VERMONT,2000,1211370.0,1193813.0,102049.0,50.0,1.9990204799648172
VIRGINIA,2000,8911426.0,9154676.0,1144915.0,51.0,0.17499114107348315
WASHINGTON,2000,7620930.0,7811937.0,1004770.0,53.0,0.19944753034095555
WISCONSIN,2000,7848352.0,8183251.0,879476.0,55.0,0.2279264618063628
WYOMING,2000,787323.0,769923.0,89940.0,56.0,2.274277916761428
CALIFORNIA,2001,53288943.0,52082540.0,6247726.0,6.0,0.03203791393313026
COLORADO,2001,5372784.0,5727966.0,742145.0,8.0,0.2703527962126289
CONNECTICUT,2001,6331569.0,5987680.0,570228.0,9.0,0.35214799719126333
DELAWARE,2001,1153831.0,1175717.0,115560.0,10.0,1.7620796238078884
FLORIDA,2001,18467090.0,18389394.0,2500478.0,12.0,0.0800887900909234
GEORGIA,2001,12271962.0,11853800.0,1470634.0,13.0,0.13624915142176433
HAWAII,2001,1682332.0,1363164.0,184546.0,15.0,1.09616806814758
KANSAS,2001,3681845.0,3491029.0,470205.0,20.0,0.4273778096727068
KENTUCKY,2001,4536133.0,4350588.0,654363.0,21.0,0.3067315386242607
LOUISIANA,2001,4982369.0,4939894.0,731328.0,22.0,0.2743625287422514
MAINE,2001,1914551.0,1958646.0,205586.0,23.0,0.9828818429648549
MARYLAND,2001,7864290.0,7981362.0,860640.0,24.0,0.23304322305415898
MASSACHUSETTS,2001,10613329.0,10572138.0,973140.0,25.0,0.20604671421907678
MICHIGAN,2001,16772419.0,17573761.0,1730668.0,26.0,0.11575393062978584
MINNESOTA,2001,7836617.0,8221636.0,851384.0,27.0,0.23558277008134137
MISSISSIPPI,2001,2823151.0,2930393.0,493507.0,28.0,0.40711608810472305
MISSOURI,2001,7081783.0,7100685.0,909792.0,29.0,0.2204251859734234
MONTANA,2001,1139959.0,1129098.0,151947.0,30.0,1.3344804129486616
NEBRASKA,2001,2355374.0,2344564.0,285095.0,31.0,0.7068323595696129
NEVADA,2001,2381897.0,2692840.0,356814.0,32.0,0.5639590432143129
PENNSYLVANIA,2001,17792997.0,18666522.0,1821627.0,42.0,0.10996765269346558
TENNESSEE,2001,5560822.0,6165661.0,924899.0,47.0,0.21681702636694414
TEXAS,2001,30868844.0,33201450.0,4163447.0,48.0,0.04808424763892166
VERMONT,2001,1300273.0,1306513.0,101179.0,50.0,2.017584544959568
VIRGINIA,2001,9493862.0,9862715.0,1163091.0,51.0,0.17233806164896778
WASHINGTON,2001,7936037.0,8026334.0,1009200.0,53.0,0.19866977628055627
WISCONSIN,2001,8363904.0,8574804.0,879361.0,55.0,0.228070575362451
WYOMING,2001,804297.0,787949.0,88128.0,56.0,2.323313246717057
CALIFORNIA,2002,54727056.0,56464225.0,6353667.0,6.0,0.031519294547177786
COLORADO,2002,5849588.0,6237142.0,751862.0,8.0,0.2669831701917691
CONNECTICUT,2002,6644334.0,6475918.0,570023.0,9.0,0.35245175794556893
DELAWARE,2002,1180255.0,1246284.0,116342.0,10.0,1.7509183138009445
FLORIDA,2002,18541689.0,19051049.0,2539929.0,12.0,0.07888327757260158
GEORGIA,2002,13042229.0,12690343.0,1496012.0,13.0,0.13400178044323666
HAWAII,2002,1889600.0,1436637.0,183829.0,15.0,1.1010465992399368
KANSAS,2002,3823261.0,3690815.0,470957.0,20.0,0.4269066328325745
KENTUCKY,2002,4621025.0,4541670.0,660782.0,21.0,0.30389507878199096
LOUISIANA,2002,5229238.0,5298267.0,730464.0,22.0,0.2748255914515788
MAINE,2002,2041986.0,2057022.0,204337.0,23.0,0.989448192354264
MARYLAND,2002,8430663.0,8568446.0,866743.0,24.0,0.23151440720400673
MASSACHUSETTS,2002,11217085.0,11507438.0,982989.0,25.0,0.20408017639377482
MICHIGAN,2002,18055855.0,18881772.0,1785160.0,26.0,0.11227272064505782
MINNESOTA,2002,8065042.0,8716123.0,846891.0,27.0,0.23695420345157767
MISSISSIPPI,2002,3029559.0,3026111.0,492645.0,28.0,0.40803598543136255
MISSOURI,2002,7455539.0,7636924.0,906499.0,29.0,0.22133848979045812
MONTANA,2002,1168799.0,1163960.0,149995.0,30.0,1.3527666849107727
NEBRASKA,2002,2528312.0,2562812.0,285402.0,31.0,0.7064220183486238
NEVADA,2002,2592064.0,2913023.0,369498.0,32.0,0.5447678342077193
PENNSYLVANIA,2002,18586743.0,20018554.0,1816747.0,42.0,0.11031852960057748
TENNESSEE,2002,5785857.0,6363357.0,927608.0,47.0,0.21629073277398808
TEXAS,2002,32802734.0,35668486.0,4259823.0,48.0,0.047019355675121145
VERMONT,2002,1387074.0,1392880.0,99978.0,50.0,2.043357556952723
VIRGINIA,2002,9914221.0,10209197.0,1177229.0,51.0,0.17035006853995016
WASHINGTON,2002,8250593.0,8362656.0,1014798.0,53.0,0.19767060691392938
WISCONSIN,2002,8624767.0,8863966.0,881231.0,55.0,0.2276994958082593
WYOMING,2002,908719.0,868607.0,88116.0,56.0,2.324825231669647
CALIFORNIA,2003,59815855.0,59749885.0,6413867.0,6.0,0.031238965767209033
COLORADO,2003,6297242.0,6685029.0,757693.0,8.0,0.26505577683970943
CONNECTICUT,2003,6959891.0,6751815.0,577203.0,9.0,0.3482267037552156
DELAWARE,2003,1242436.0,1317447.0,117668.0,10.0,1.7317252409977089
FLORIDA,2003,19549835.0,20180142.0,2587628.0,12.0,0.07746676335508823
GEORGIA,2003,13524807.0,13516783.0,1522611.0,13.0,0.1317236263389381
HAWAII,2003,2078877.0,1602392.0,183609.0,15.0,1.1029371276279418
KANSAS,2003,4068800.0,3818740.0,470490.0,20.0,0.42754654878363757
KENTUCKY,2003,4872025.0,4700494.0,663369.0,21.0,0.3028580241500168
LOUISIANA,2003,5478321.0,5515322.0,727709.0,22.0,0.27600708826990544
MAINE,2003,2162605.0,2154117.0,202084.0,23.0,1.0010945567045346
MARYLAND,2003,8700979.0,8732518.0,869113.0,24.0,0.23099722065251238
MASSACHUSETTS,2003,11591832.0,11382398.0,980459.0,25.0,0.20471027823427934
MICHIGAN,2003,18488359.0,19680370.0,1757604.0,26.0,0.11409198331511544
MINNESOTA,2003,8484497.0,8938770.0,842854.0,27.0,0.2382110504714866
MISSISSIPPI,2003,3260771.0,3205193.0,493540.0,28.0,0.4074972992877444
MISSOURI,2003,7622601.0,7905481.0,905941.0,29.0,0.22158599372965848
MONTANA,2003,1205602.0,1214879.0,148356.0,30.0,1.3686087746749298
NEBRASKA,2003,2600831.0,2623966.0,285542.0,31.0,0.7064283925668073
NEVADA,2003,2778564.0,3009028.0,385401.0,32.0,0.5224336068524092
PENNSYLVANIA,2003,19811545.0,20626459.0,1821146.0,42.0,0.11010679204438573
TENNESSEE,2003,5994756.0,6482671.0,936682.0,47.0,0.21429817081586297
TEXAS,2003,35143236.0,37333674.0,4331751.0,48.0,0.04626135285471579
VERMONT,2003,1451171.0,1440961.0,99103.0,50.0,2.062821833161689
VIRGINIA,2003,10504167.0,10746679.0,1192092.0,51.0,0.16830674008414498
WASHINGTON,2003,8565636.0,8802387.0,1021349.0,53.0,0.19649853925948596
WISCONSIN,2003,8931497.0,9128279.0,880031.0,55.0,0.22812484339907155
WYOMING,2003,962240.0,915515.0,87462.0,56.0,2.34381399267485
CALIFORNIA,2004,60162326.0,62647953.0,6441557.0,6.0,0.031120172471598574
COLORADO,2004,6527456.0,6869975.0,765976.0,8.0,0.26231327849711766
CONNECTICUT,2004,7276945.0,7087023.0,577390.0,9.0,0.34828793192743657
DELAWARE,2004,1334523.0,1373416.0,119091.0,10.0,1.7115478234133594
FLORIDA,2004,21623923.0,21896220.0,2639336.0,12.0,0.07598588270267073
GEORGIA,2004,14136215.0,13779680.0,1553437.0,13.0,0.12917090199834605
HAWAII,2004,2138137.0,1734591.0,183185.0,15.0,1.1060762441977912
KANSAS,2004,4377709.0,3982036.0,469136.0,20.0,0.42900079634878363
KENTUCKY,2004,5135262.0,5259909.0,674796.0,21.0,0.2978632326186994
LOUISIANA,2004,5713792.0,5708535.0,724281.0,22.0,0.27745587911563013
MAINE,2004,2228749.0,2291174.0,198820.0,23.0,1.0182099016340134
MARYLAND,2004,9123493.0,8921938.0,865561.0,24.0,0.2320634306710501
MASSACHUSETTS,2004,11979937.0,12033345.0,975574.0,25.0,0.20584036073420503
MICHIGAN,2004,18663799.0,20060708.0,1751290.0,26.0,0.11456102661314388
MINNESOTA,2004,8688315.0,8963393.0,838503.0,27.0,0.2395699217811378
MISSISSIPPI,2004,3481643.0,3473928.0,495376.0,28.0,0.4061843801431779
MISSOURI,2004,7893957.0,7896438.0,905449.0,29.0,0.22181759819358124
MONTANA,2004,1270790.0,1241417.0,146705.0,30.0,1.3849247759172363
NEBRASKA,2004,2734724.0,2667987.0,285761.0,31.0,0.7062380839944036
NEVADA,2004,3069531.0,3228619.0,400083.0,32.0,0.5034176633281333
PENNSYLVANIA,2004,21104028.0,22054811.0,1828089.0,42.0,0.10974297472461578
TENNESSEE,2004,6349101.0,6738601.0,941091.0,47.0,0.21339875858147325
TEXAS,2004,36055119.0,38150452.0,4405215.0,48.0,0.0455122409532498
VERMONT,2004,1525776.0,1550157.0,98352.0,50.0,2.0799601444762734
VIRGINIA,2004,11151172.0,11404055.0,1204739.0,51.0,0.16662024469230546
WASHINGTON,2004,8790531.0,9009980.0,1020005.0,53.0,0.19685638815678963
WISCONSIN,2004,9183588.0,9126345.0,864757.0,55.0,0.23227969071101465
WYOMING,2004,974888.0,953916.0,84733.0,56.0,2.4223670055240607
CALIFORNIA,2005,62171797.0,66196072.0,6437202.0,6.0,0.03115677732942752
COLORADO,2005,6910296.0,7284280.0,779826.0,8.0,0.25777138956135154
CONNECTICUT,2005,7898694.0,7452057.0,575059.0,9.0,0.34987976700276063
DELAWARE,2005,1431710.0,1480157.0,120937.0,10.0,1.6858372851713586
FLORIDA,2005,23216404.0,23857012.0,2675024.0,12.0,0.07500881961557325
GEORGIA,2005,14724731.0,14492666.0,1598461.0,13.0,0.12559068336365048
HAWAII,2005,2274166.0,1765805.0,182818.0,15.0,1.1088804455431855
KANSAS,2005,4223632.0,4076597.0,467525.0,20.0,0.43070115140058424
KENTUCKY,2005,5444309.0,5750671.0,679878.0,21.0,0.2957781177300173
LOUISIANA,2005,5975074.0,5941561.0,654526.0,22.0,0.30726980434346174
MAINE,2005,2324789.0,2325138.0,195498.0,23.0,1.0362131963430201
MARYLAND,2005,9906219.0,9782665.0,860020.0,24.0,0.23367889838755732
MASSACHUSETTS,2005,12976279.0,12726283.0,971909.0,25.0,0.20672148996189313
MICHIGAN,2005,19106382.0,20489512.0,1742282.0,26.0,0.11521154390938915
MINNESOTA,2005,8777363.0,9082593.0,839243.0,27.0,0.23947790234079197
MISSISSIPPI,2005,3639643.0,3610904.0,494954.0,28.0,0.4067357880835543
MISSOURI,2005,8340865.0,8170965.0,917705.0,29.0,0.21895817407447854
MONTANA,2005,1293070.0,1268328.0,145416.0,30.0,1.3980796452154995
NEBRASKA,2005,2895640.0,2708776.0,286646.0,31.0,0.7043960638137162
NEVADA,2005,3381646.0,3483540.0,412395.0,32.0,0.48855966275981383
PENNSYLVANIA,2005,22657782.0,23183924.0,1830684.0,42.0,0.10964198746745601
TENNESSEE,2005,6806262.0,7067521.0,953928.0,47.0,0.21062627964656805
TEXAS,2005,37783715.0,40302144.0,4525394.0,48.0,0.04432517300634547
VERMONT,2005,1628681.0,1634534.0,96638.0,50.0,2.118711231811313
VIRGINIA,2005,12182657.0,12385157.0,1213616.0,51.0,0.16548215557633597
WASHINGTON,2005,9141383.0,9399603.0,1031985.0,53.0,0.19466397405774868
WISCONSIN,2005,9584108.0,9433502.0,875174.0,55.0,0.2296233604262176
WYOMING,2005,1132160.0,1033603.0,84409.0,56.0,2.433134313868259
CALIFORNIA,2006,66302860.0,68722432.0,6406750.0,6.0,0.031320533654428655
COLORADO,2006,7295561.0,7803324.0,794026.0,8.0,0.25327643241332287
CONNECTICUT,2006,8436197.0,7982143.0,575100.0,9.0,0.350029838037041
DELAWARE,2006,1544615.0,1646885.0,122254.0,10.0,1.6682190140376554
FLORIDA,2006,25423686.0,26609155.0,2671513.0,12.0,0.07514496122317717
GEORGIA,2006,16165924.0,15839227.0,1629157.0,13.0,0.12328296513353708
HAWAII,2006,2705532.0,1939968.0,180728.0,15.0,1.1224135808686115
KANSAS,2006,4648920.0,4439000.0,469506.0,20.0,0.4290909090909091
KENTUCKY,2006,6002056.0,6112978.0,683152.0,21.0,0.29450367468942046
LOUISIANA,2006,6780668.0,6032182.0,675851.0,22.0,0.29769457367792296
MAINE,2006,2381908.0,2381439.0,193986.0,23.0,1.0449005104698406
MARYLAND,2006,10697117.0,10585292.0,851640.0,24.0,0.23610166259824822
MASSACHUSETTS,2006,14160242.0,13503621.0,968661.0,25.0,0.20751974592796812
MICHIGAN,2006,19714584.0,20626758.0,1722656.0,26.0,0.11658384912678348
MINNESOTA,2006,9314477.0,9671933.0,840565.0,27.0,0.23921989985200803
MISSISSIPPI,2006,4279581.0,4066036.0,495026.0,28.0,0.40688004543426237
MISSOURI,2006,8846493.0,8654672.0,920353.0,29.0,0.21843595068095173
MONTANA,2006,1375638.0,1377599.0,144418.0,30.0,1.4085891638345083
NEBRASKA,2006,3107061.0,2867250.0,287580.0,31.0,0.7024449004461191
NEVADA,2006,3691628.0,4022979.0,424766.0,32.0,0.4745008988551424
PENNSYLVANIA,2006,23950553.0,24195122.0,1871060.0,42.0,0.10732702211921112
TENNESSEE,2006,7195519.0,7395357.0,978368.0,47.0,0.2054565827019077
TEXAS,2006,41142403.0,43394244.0,4599509.0,48.0,0.043632380446516295
VERMONT,2006,1725093.0,1711762.0,95399.0,50.0,2.1479125844549376
VIRGINIA,2006,13153845.0,13481336.0,1220440.0,51.0,0.16463755935898045
WASHINGTON,2006,9679682.0,9915617.0,1026774.0,53.0,0.19575162378216338
WISCONSIN,2006,9855692.0,9779642.0,876700.0,55.0,0.2293373454030781
WYOMING,2006,1150345.0,1146527.0,85193.0,56.0,2.4114344789450275
CALIFORNIA,2007,72516936.0,73225422.0,6343471.0,6.0,0.03164884323241447
COLORADO,2007,7689014.0,8039146.0,801867.0,8.0,0.25091891080939166
CONNECTICUT,2007,8913149.0,8685421.0,570626.0,9.0,0.35296041813586954
DELAWARE,2007,1694929.0,1705204.0,122574.0,10.0,1.6646346015078755
FLORIDA,2007,28898362.0,29849892.0,2666811.0,12.0,0.07531510760266046
GEORGIA,2007,17755989.0,17389530.0,1649589.0,13.0,0.12181487780274367
HAWAII,2007,2985593.0,2199604.0,179897.0,15.0,1.1282253077744675
KANSAS,2007,5038100.0,4823931.0,468295.0,20.0,0.4304206842123323
KENTUCKY,2007,6226696.0,6351636.0,666225.0,21.0,0.30215983306685457
LOUISIANA,2007,7048732.0,6657341.0,681038.0,22.0,0.29556824357061756
MAINE,2007,2538161.0,2501127.0,196245.0,23.0,1.033268464461125
MARYLAND,2007,11674965.0,11541225.0,845700.0,24.0,0.23788273696711956
MASSACHUSETTS,2007,14407777.0,14315518.0,962958.0,25.0,0.20885560241885384
MICHIGAN,2007,20576110.0,19839838.0,1692739.0,26.0,0.11870598060485045
MINNESOTA,2007,9693509.0,10030105.0,837578.0,27.0,0.24019502830998204
MISSISSIPPI,2007,4220926.0,4158733.0,494122.0,28.0,0.4078315027991425
MISSOURI,2007,8908844.0,9245525.0,917188.0,29.0,0.21930088146497798
MONTANA,2007,1474306.0,1442434.0,142823.0,30.0,1.425264174525622
NEBRASKA,2007,3234014.0,3117931.0,291244.0,31.0,0.6938946262061907
NEVADA,2007,4006081.0,4346371.0,429362.0,32.0,0.46963297492716827
PENNSYLVANIA,2007,25334577.0,25627083.0,1801971.0,42.0,0.1115022300446009
TENNESSEE,2007,7617488.0,7817659.0,964259.0,47.0,0.20857322198343056
TEXAS,2007,44355326.0,45920825.0,4674832.0,48.0,0.04295046358466238
VERMONT,2007,1836316.0,1804519.0,94038.0,50.0,2.180786908759005
VIRGINIA,2007,14176385.0,14700853.0,1230857.0,51.0,0.16332343247751963
WASHINGTON,2007,10350748.0,10682397.0,1030247.0,53.0,0.1951878938769159
WISCONSIN,2007,10154985.0,9988878.0,874633.0,55.0,0.22999543905407355
WYOMING,2007,1477891.0,1390344.0,86422.0,56.0,2.377539536812178
CALIFORNIA,2008,74626928.0,76618865.0,6322528.0,6.0,0.031769537949409225
COLORADO,2008,8070129.0,8884786.0,818443.0,8.0,0.24594731974988826
CONNECTICUT,2008,9322225.0,9046750.0,567198.0,9.0,0.35527875581662804
DELAWARE,2008,1694998.0,1746925.0,125430.0,10.0,1.6269384712612012
FLORIDA,2008,30001821.0,31219589.0,2631020.0,12.0,0.07637850264662162
GEORGIA,2008,18683630.0,19172087.0,1655792.0,13.0,0.12141851656564581
HAWAII,2008,2541703.0,2242408.0,179478.0,15.0,1.131458838113484
KANSAS,2008,5378095.0,5122049.0,471060.0,20.0,0.4280975243683003
KENTUCKY,2008,6637062.0,6793215.0,670030.0,21.0,0.30058890276068756
LOUISIANA,2008,7751886.0,7599993.0,684873.0,22.0,0.29405519392559293
MAINE,2008,2594335.0,2582293.0,192935.0,23.0,1.051710863314251
MARYLAND,2008,13098112.0,12739693.0,843861.0,24.0,0.23852145208248945
MASSACHUSETTS,2008,14633578.0,14631545.0,958910.0,25.0,0.20984385025843819
MICHIGAN,2008,20441973.0,20703780.0,1659921.0,26.0,0.12111612611759484
MINNESOTA,2008,10118118.0,10462624.0,836048.0,27.0,0.2407558390484869
MISSISSIPPI,2008,4449009.0,4363308.0,491962.0,28.0,0.40983439261644977
MISSOURI,2008,9335599.0,9900419.0,917871.0,29.0,0.21924676507294213
MONTANA,2008,1562815.0,1557678.0,141899.0,30.0,1.4354032782666506
NEBRASKA,2008,3383157.0,3325663.0,292590.0,31.0,0.6910269734532766
NEVADA,2008,4338601.0,4881218.0,433371.0,32.0,0.46550121359504637
PENNSYLVANIA,2008,26357235.0,26597713.0,1775029.0,42.0,0.1132530297159481
TENNESSEE,2008,8086152.0,8488521.0,971950.0,47.0,0.2070226879545375
TEXAS,2008,46245975.0,50205827.0,4752148.0,48.0,0.042272438286029466
VERMONT,2008,1888635.0,1888133.0,93625.0,50.0,2.191732975321174
VIRGINIA,2008,14768120.0,15236306.0,1235795.0,51.0,0.16275094485514924
WASHINGTON,2008,11195224.0,11677666.0,1037018.0,53.0,0.1940077873643733
WISCONSIN,2008,10619354.0,10545964.0,873750.0,55.0,0.23034338141330804
WYOMING,2008,1602514.0,1517325.0,87161.0,56.0,2.3581083461533945
CALIFORNIA,2009,73958896.0,74766086.0,6263438.0,6.0,0.03208532748674464
COLORADO,2009,8310673.0,8682489.0,832368.0,8.0,0.24194354490045872
CONNECTICUT,2009,9681268.0,9323053.0,563968.0,9.0,0.35749939052493157
DELAWARE,2009,1718993.0,1798244.0,126801.0,10.0,1.6098788383870761
FLORIDA,2009,26494500.0,28867429.0,2634522.0,12.0,0.07631491278485615
GEORGIA,2009,17972839.0,19025136.0,1667685.0,13.0,0.12061169158948078
HAWAII,2009,2689758.0,2318671.0,180196.0,15.0,1.1274672114127293
KANSAS,2009,5615208.0,5827751.0,474489.0,20.0,0.42520318320352185
KENTUCKY,2009,6706922.0,6831006.0,680089.0,21.0,0.29627772534214253
LOUISIANA,2009,7984550.0,8053960.0,690915.0,22.0,0.29162178874911815
MAINE,2009,2623127.0,2624504.0,189225.0,23.0,1.0730920434150926
MARYLAND,2009,13147931.0,12757599.0,848412.0,24.0,0.23735738176731414
MASSACHUSETTS,2009,15298022.0,15174814.0,957053.0,25.0,0.21035680031495932
MICHIGAN,2009,19616665.0,19992550.0,1649082.0,26.0,0.12197395015278618
MINNESOTA,2009,10353784.0,11193640.0,837053.0,27.0,0.2405861248030044
MISSISSIPPI,2009,4392101.0,4552756.0,492481.0,28.0,0.4096054412892071
MISSOURI,2009,9472520.0,10227305.0,917982.0,29.0,0.21932960906052906
MONTANA,2009,1607935.0,1622485.0,141807.0,30.0,1.4370734917523855
NEBRASKA,2009,3522481.0,3523803.0,295368.0,31.0,0.6848264413227478
NEVADA,2009,4442101.0,4577881.0,428947.0,32.0,0.4705601281684928
PENNSYLVANIA,2009,26755585.0,27328680.0,1785993.0,42.0,0.11261311760643593
TENNESSEE,2009,8112895.0,8611178.0,972549.0,47.0,0.2069981659694603
TEXAS,2009,48087531.0,53575273.0,4850210.0,48.0,0.041438050938894654
VERMONT,2009,1683034.0,1661019.0,91451.0,50.0,2.2461483419422645
VIRGINIA,2009,15251481.0,15510318.0,1245340.0,51.0,0.16158207267413102
WASHINGTON,2009,12025012.0,12240632.0,1035347.0,53.0,0.19441847681978208
WISCONSIN,2009,10991081.0,10880480.0,872436.0,55.0,0.23080625945656558
WYOMING,2009,1675761.0,1658156.0,88155.0,56.0,2.3320873865298446
CALIFORNIA,2010,67356719.0,71227111.0,6289578.0,6.0,0.031967845119130325
COLORADO,2010,8793676.0,8914338.0,843316.0,8.0,0.23891425949654466
CONNECTICUT,2010,9726922.0,9542108.0,560546.0,9.0,0.35986937278886233
DELAWARE,2010,1733458.0,1758988.0,129403.0,10.0,1.5777946982958246
FLORIDA,2010,26231141.0,27267009.0,2643347.0,12.0,0.0760978247001424
GEORGIA,2010,17839851.0,17834488.0,1677067.0,13.0,0.11999591655686942
HAWAII,2010,2564856.0,2215458.0,179601.0,15.0,1.1318141122016319
KANSAS,2010,5454128.0,5979429.0,483701.0,20.0,0.41727995748311675
KENTUCKY,2010,6881951.0,7092071.0,673128.0,21.0,0.29950023691809785
LOUISIANA,2010,8091029.0,8125021.0,696558.0,22.0,0.28939684514245234
MAINE,2010,2721365.0,2680693.0,189077.0,23.0,1.074481335564263
MARYLAND,2010,13327770.0,13205691.0,852211.0,24.0,0.2364146831161102
MASSACHUSETTS,2010,14919763.0,14857823.0,955563.0,25.0,0.21079059055972765
MICHIGAN,2010,19393461.0,19967017.0,1587067.0,26.0,0.12680931979102328
MINNESOTA,2010,10383935.0,10564774.0,838037.0,27.0,0.24042285715652725
MISSISSIPPI,2010,4466377.0,4504257.0,490526.0,28.0,0.411450187916056
MISSOURI,2010,9587703.0,10139784.0,918710.0,29.0,0.21926475400894513
MONTANA,2010,1623971.0,1642886.0,141693.0,30.0,1.4389725306587058
NEBRASKA,2010,3720560.0,3640199.0,298500.0,31.0,0.6779318020843873
NEVADA,2010,4262471.0,4260869.0,437149.0,32.0,0.46192136305870074
PENNSYLVANIA,2010,27883991.0,28231191.0,1793284.0,42.0,0.11221063890839704
TENNESSEE,2010,8405025.0,8760367.0,987422.0,47.0,0.20397559599436582
TEXAS,2010,50559500.0,53810244.0,4935715.0,48.0,0.04074017396662346
VERMONT,2010,1749898.0,1719870.0,96858.0,50.0,2.1191801619433197
VIRGINIA,2010,14937195.0,14919831.0,1251440.0,51.0,0.16087335825136262
WASHINGTON,2010,11919090.0,11820814.0,1043788.0,53.0,0.19293937863921104
WISCONSIN,2010,11289720.0,11116821.0,872286.0,55.0,0.23096121230506184
WYOMING,2010,1718605.0,1696177.0,89009.0,56.0,2.3103713835791218
CALIFORNIA,2011,70953331.0,69847705.0,6287834.0,6.0,0.03199262849112996
COLORADO,2011,8747471.0,8676451.0,854265.0,8.0,0.23596251821640027
CONNECTICUT,2011,9783168.0,9439182.0,554437.0,9.0,0.364030657499828
DELAWARE,2011,1759170.0,1808905.0,128946.0,10.0,1.5842754165517785
FLORIDA,2011,26453693.0,26991946.0,2668156.0,12.0,0.07542725545684874
GEORGIA,2011,18030043.0,17187481.0,1685016.0,13.0,0.11948865273721707
HAWAII,2011,2499513.0,2259104.0,182706.0,15.0,1.11292509477296
KANSAS,2011,5538869.0,5662146.0,486108.0,20.0,0.4154126135877727
KENTUCKY,2011,7104589.0,7253850.0,681987.0,21.0,0.295745732202313
LOUISIANA,2011,8022917.0,8218870.0,703390.0,22.0,0.28672087416361197
MAINE,2011,2654366.0,2728535.0,188969.0,23.0,1.0756426577092182
MARYLAND,2011,13443940.0,13247697.0,854086.0,24.0,0.2360120881377813
MASSACHUSETTS,2011,15396681.0,15150898.0,953369.0,25.0,0.21138204545502323
MICHIGAN,2011,19374026.0,18469948.0,1573537.0,26.0,0.12796479345553302
MINNESOTA,2011,10912368.0,10612480.0,839738.0,27.0,0.24005433751090752
MISSISSIPPI,2011,4516742.0,4345783.0,490619.0,28.0,0.4115773790032091
MISSOURI,2011,9915356.0,9842505.0,916584.0,29.0,0.21988403331390716
MONTANA,2011,1631810.0,1655584.0,142349.0,30.0,1.4329689749034475
NEBRASKA,2011,3879388.0,3676326.0,301296.0,31.0,0.671934777887298
NEVADA,2011,4146577.0,4258855.0,439634.0,32.0,0.45952794985638323
PENNSYLVANIA,2011,28492510.0,28810721.0,1771395.0,42.0,0.11365537384762155
TENNESSEE,2011,8679893.0,8961443.0,999693.0,47.0,0.2015672328457364
TEXAS,2011,51023159.0,52691826.0,5000470.0,48.0,0.0402323996255646
VERMONT,2011,1686499.0,1722515.0,89908.0,50.0,2.2879051617233808
VIRGINIA,2011,14655345.0,14675815.0,1257883.0,51.0,0.16012778372318198
WASHINGTON,2011,11905941.0,11928408.0,1045453.0,53.0,0.1927275306150222
WISCONSIN,2011,11664303.0,11440718.0,871105.0,55.0,0.23139039045258625
WYOMING,2011,1650621.0,1656850.0,90099.0,56.0,2.282944328398874
CALIFORNIA,2012,69016392.0,70191877.0,6299451.0,6.0,0.03194949566006118
COLORADO,2012,8616009.0,8472536.0,863561.0,8.0,0.23353285767843732
CONNECTICUT,2012,10070907.0,9791336.0,550954.0,9.0,0.3665232392493196
DELAWARE,2012,1855867.0,1915966.0,129026.0,10.0,1.5840773458043995
FLORIDA,2012,24139266.0,25352047.0,2692162.0,12.0,0.07479136851104957
GEORGIA,2012,17559894.0,17400209.0,1703332.0,13.0,0.1182611148990196
HAWAII,2012,2535038.0,2344733.0,184760.0,15.0,1.1009696412546237
KANSAS,2012,5613619.0,5615714.0,489043.0,20.0,0.4131153869055563
KENTUCKY,2012,7192430.0,7444529.0,685167.0,21.0,0.2945158858531373
LOUISIANA,2012,8477993.0,8504567.0,710903.0,22.0,0.283823606167944
MAINE,2012,2611056.0,2625759.0,185739.0,23.0,1.0951030605191399
MARYLAND,2012,13752912.0,13212140.0,859638.0,24.0,0.23460109651526423
MASSACHUSETTS,2012,15763456.0,15696061.0,954773.0,25.0,0.2111757303248139
MICHIGAN,2012,18622316.0,18063824.0,1555370.0,26.0,0.1295258401476028
MINNESOTA,2012,10681609.0,10696348.0,845404.0,27.0,0.2385604795871908
MISSISSIPPI,2012,4477828.0,4423270.0,493650.0,28.0,0.4092442000008136
MISSOURI,2012,10022622.0,9910617.0,917900.0,29.0,0.21967751515469142
MONTANA,2012,1628318.0,1652537.0,142908.0,30.0,1.428003633885987
NEBRASKA,2012,3764056.0,3880517.0,303505.0,31.0,0.6673455105093651
NEVADA,2012,4053945.0,4109706.0,445707.0,32.0,0.45346465477411285
PENNSYLVANIA,2012,27881568.0,27851918.0,1763677.0,42.0,0.11421013643343088
TENNESSEE,2012,8983224.0,9256522.0,993496.0,47.0,0.20292813600622903
TEXAS,2012,49979753.0,50215314.0,5077659.0,48.0,0.03964026655123967
VERMONT,2012,1754161.0,1726321.0,89624.0,50.0,2.2964890654248276
VIRGINIA,2012,14940479.0,15129464.0,1265419.0,51.0,0.1592519275261258
WASHINGTON,2012,11955582.0,12187889.0,1051694.0,53.0,0.19167709839741942
WISCONSIN,2012,11139967.0,10724377.0,872436.0,55.0,0.23115171456669392
WYOMING,2012,1664983.0,1670728.0,91533.0,56.0,2.2475173422995725
CALIFORNIA,2013,68868516.0,69727119.0,6312623.0,6.0,0.03189865955906006
COLORADO,2013,8826868.0,8699125.0,876999.0,8.0,0.23006082383032414
CONNECTICUT,2013,10319361.0,9758850.0,546200.0,9.0,0.36990960827803676
DELAWARE,2013,1930466.0,1924626.0,131687.0,10.0,1.552354365562873
FLORIDA,2013,24681548.0,25245400.0,2720744.0,12.0,0.07404189675256581
GEORGIA,2013,17459504.0,17317504.0,1723909.0,13.0,0.11690601522972352
HAWAII,2013,2331770.0,2345917.0,186825.0,15.0,1.0892149860398677
KANSAS,2013,5667223.0,5621023.0,496440.0,20.0,0.40713795969880284
KENTUCKY,2013,7216175.0,7413896.0,677389.0,21.0,0.29805619388311105
LOUISIANA,2013,8121179.0,7940880.0,711491.0,22.0,0.28372972805358304
MAINE,2013,2650346.0,2535405.0,183995.0,23.0,1.1061533558264005
MARYLAND,2013,13814727.0,13284637.0,866169.0,24.0,0.23294405176843072
MASSACHUSETTS,2013,16114783.0,16201905.0,955739.0,25.0,0.2110669102027207
MICHIGAN,2013,18270327.0,17468264.0,1548841.0,26.0,0.13013728740364153
MINNESOTA,2013,10848720.0,10942019.0,850973.0,27.0,0.2371136449302676
MISSISSIPPI,2013,4444064.0,4370050.0,492586.0,28.0,0.4103364840706684
MISSOURI,2013,10103589.0,10001763.0,918288.0,29.0,0.2196938691986576
MONTANA,2013,1671053.0,1679521.0,144129.0,30.0,1.416448534999578
NEBRASKA,2013,3870164.0,3913038.0,307677.0,31.0,0.6585662688442211
NEVADA,2013,4131800.0,4057443.0,451831.0,32.0,0.4475143280171091
PENNSYLVANIA,2013,28484645.0,28495118.0,1755236.0,42.0,0.11481711111478689
TENNESSEE,2013,9008032.0,9248235.0,993556.0,47.0,0.20301691404205363
TEXAS,2013,49734537.0,50674724.0,5153702.0,48.0,0.03907456370134144
VERMONT,2013,1817307.0,1809138.0,88690.0,50.0,2.3224154043171774
VIRGINIA,2013,15322318.0,15634918.0,1273825.0,51.0,0.1582781102867405
WASHINGTON,2013,12242231.0,12097549.0,1058936.0,53.0,0.19045852914545336
WISCONSIN,2013,11097447.0,10845059.0,874414.0,55.0,0.23074251405030485
WYOMING,2013,1695967.0,1675477.0,92732.0,56.0,2.2189398031283414
CALIFORNIA,2014,72389126.0,72506810.0,6312161.0,6.0,0.03191684757898667
COLORADO,2014,9162406.0,9286626.0,889006.0,8.0,0.22705954506917764
CONNECTICUT,2014,10743919.0,10201500.0,542678.0,9.0,0.37250491987630024
DELAWARE,2014,1954374.0,1988535.0,134042.0,10.0,1.525433998848729
FLORIDA,2014,26077462.0,26523658.0,2756944.0,12.0,0.07310530576094493
GEORGIA,2014,17821620.0,17668352.0,1744437.0,13.0,0.115586169374486
HAWAII,2014,2696766.0,2504144.0,182384.0,15.0,1.1165936685701614
KANSAS,2014,5813985.0,5957954.0,497275.0,20.0,0.40665426916312813
KENTUCKY,2014,7229857.0,7346219.0,688640.0,21.0,0.29331834215424407
LOUISIANA,2014,8352703.0,8140649.0,716800.0,22.0,0.2817626534375324
MAINE,2014,2675648.0,2550302.0,182470.0,23.0,1.1160615330052754
MARYLAND,2014,13982544.0,13712839.0,874514.0,24.0,0.23083094555873926
MASSACHUSETTS,2014,16609204.0,16518383.0,955844.0,25.0,0.21114873719635577
MICHIGAN,2014,18457253.0,17358365.0,1537922.0,26.0,0.13112764566627688
MINNESOTA,2014,11168633.0,11300786.0,857235.0,27.0,0.2354946849995498
MISSISSIPPI,2014,4480105.0,4463078.0,490917.0,28.0,0.41194265529154045
MISSOURI,2014,10256615.0,10324249.0,917785.0,29.0,0.21992397662734461
MONTANA,2014,1729712.0,1754324.0,144532.0,30.0,1.4131548295653882
NEBRASKA,2014,4005091.0,4008633.0,312635.0,31.0,0.6483785706697229
NEVADA,2014,4203255.0,4043820.0,459189.0,32.0,0.4405315251271395
PENNSYLVANIA,2014,29068069.0,28620630.0,1743160.0,42.0,0.11567094316042423
TENNESSEE,2014,9237782.0,9432883.0,995475.0,47.0,0.20272562284780177
TEXAS,2014,52776853.0,53096761.0,5233765.0,48.0,0.03849571587026982
VERMONT,2014,1895044.0,1876197.0,87311.0,50.0,2.361161588332532
VIRGINIA,2014,15347862.0,15690444.0,1280381.0,51.0,0.15754474262868176
WASHINGTON,2014,13040197.0,12806300.0,1073638.0,53.0,0.18793905325002053
WISCONSIN,2014,11330253.0,11255186.0,871432.0,55.0,0.2316492182126434
WYOMING,2014,1772633.0,1775999.0,94067.0,56.0,2.187870031394957
CALIFORNIA,2015,78248042.0,78365958.0,6226737.0,6.0,0.032370923552891194
COLORADO,2015,9648297.0,9557682.0,899112.0,8.0,0.22461339186286433
CONNECTICUT,2015,11099837.0,10542667.0,537933.0,9.0,0.3759903567336794
DELAWARE,2015,2017075.0,1975093.0,134847.0,10.0,1.5169537460852807
FLORIDA,2015,26971491.0,27277049.0,2792234.0,12.0,0.0722165536110248
GEORGIA,2015,18584666.0,18501103.0,1757237.0,13.0,0.1148002930683412
HAWAII,2015,2703683.0,2521004.0,181995.0,15.0,1.1195688409823312
KANSAS,2015,5991731.0,6175724.0,495884.0,20.0,0.4080029319515904
KENTUCKY,2015,7548871.0,7554887.0,686598.0,21.0,0.2943397659597156
LOUISIANA,2015,8448743.0,8437263.0,718711.0,22.0,0.2811512831102727
MAINE,2015,2739589.0,2596180.0,181613.0,23.0,1.1219501330749786
MARYLAND,2015,14491642.0,13882823.0,879601.0,24.0,0.22960712682289827
MASSACHUSETTS,2015,16985185.0,16972319.0,964026.0,25.0,0.20945706442026132
MICHIGAN,2015,19025996.0,17742903.0,1536231.0,26.0,0.1313374387961017
MINNESOTA,2015,11684249.0,11969872.0,864384.0,27.0,0.2336586774339059
MISSISSIPPI,2015,4592343.0,4624539.0,487200.0,28.0,0.4153055020250008
MISSOURI,2015,10623391.0,10540353.0,919234.0,29.0,0.21968581113125654
MONTANA,2015,1804339.0,1804841.0,145319.0,30.0,1.4061017138391114
NEBRASKA,2015,4248695.0,4283846.0,316014.0,31.0,0.6417217889228947
NEVADA,2015,4345419.0,4183085.0,467527.0,32.0,0.4328567254979463
PENNSYLVANIA,2015,29967185.0,29690645.0,1717414.0,42.0,0.1174653826893918
TENNESSEE,2015,9455920.0,9562527.0,1001235.0,47.0,0.20165729268829688
TEXAS,2015,55582029.0,56255791.0,5301477.0,48.0,0.03802272759008367
VERMONT,2015,1996795.0,1969415.0,87866.0,50.0,2.347089725221605
VIRGINIA,2015,15857524.0,16113212.0,1283590.0,51.0,0.15722841035444668
WASHINGTON,2015,13709442.0,13630138.0,1087030.0,53.0,0.18571171827117597
WISCONSIN,2015,11637376.0,11553677.0,867800.0,55.0,0.2327367649012168
WYOMING,2015,1962874.0,1942406.0,94717.0,56.0,2.173631636857889
CALIFORNIA,2016,89217262.0,85320133.0,6309138.0,6.0,0.03196386561097121
COLORADO,2016,10123271.0,9878524.0,905019.0,8.0,0.2232550722422849
CONNECTICUT,2016,11419673.0,10826431.0,535118.0,9.0,0.3781640286474258
DELAWARE,2016,2043577.0,2041952.0,136264.0,10.0,1.50169834932364
FLORIDA,2016,28125598.0,27945116.0,2816791.0,12.0,0.07162206570685045
GEORGIA,2016,19403453.0,19158388.0,1764346.0,13.0,0.11439401247212498
HAWAII,2016,3030519.0,2733094.0,181550.0,15.0,1.1229070816669822
KANSAS,2016,6069563.0,6134836.0,494347.0,20.0,0.40948061365219734
KENTUCKY,2016,7745928.0,7786281.0,684017.0,21.0,0.29560073958835836
LOUISIANA,2016,8397136.0,8248660.0,716293.0,22.0,0.2822434433700091
MAINE,2016,2845391.0,2706103.0,180512.0,23.0,1.1294370742201507
MARYLAND,2016,14409321.0,13992191.0,886221.0,24.0,0.2280014250089063
MASSACHUSETTS,2016,17484704.0,17037880.0,964514.0,25.0,0.20945498068567414
MICHIGAN,2016,19416061.0,18001445.0,1528666.0,26.0,0.13205384338256967
MINNESOTA,2016,12186135.0,12848946.0,875021.0,27.0,0.2309265124483823
MISSISSIPPI,2016,4755399.0,4631356.0,483150.0,28.0,0.41901008866552764
MISSOURI,2016,10893231.0,10719882.0,915040.0,29.0,0.2208047105004907
MONTANA,2016,1800909.0,1879789.0,146375.0,30.0,1.3965184020393602
NEBRASKA,2016,4398811.0,4640422.0,319194.0,31.0,0.6356052437432609
NEVADA,2016,4482886.0,4374249.0,473744.0,32.0,0.42736492215853206
PENNSYLVANIA,2016,31077289.0,30925177.0,1727497.0,42.0,0.11683698632439302
TENNESSEE,2016,9585331.0,9680512.0,1001562.0,47.0,0.20169156797185925
TEXAS,2016,58284155.0,59314884.0,5360849.0,48.0,0.037620131099439
VERMONT,2016,2112365.0,2082696.0,88428.0,50.0,2.3330093042632964
VIRGINIA,2016,16259274.0,16497520.0,1287026.0,51.0,0.15688593863082778
WASHINGTON,2016,14964364.0,15253296.0,1101711.0,53.0,0.18332355789559834
WISCONSIN,2016,11697466.0,11787535.0,864432.0,55.0,0.23376189681081982
WYOMING,2016,2044669.0,2034229.0,94170.0,56.0,2.187642424637021
